{"cameraMode":{"drawMode":0,"name":"Shaded","section":"Shading Mode"},"sceneLighting":true,"audioPlay":false,"sceneViewState":{"showFog":true,"showMaterialUpdate":false,"showSkybox":true,"showFlares":true,"showImageEffects":true,"showParticleSystems":true},"in2DMode":false,"pivot":{"x":-0.07511615753173828,"y":-0.7688050270080566,"z":-1.3061457872390748},"rotation":{"x":-0.022495782002806665,"y":0.9620371460914612,"z":-0.25881901383399966,"w":-0.08361747860908508},"size":3.2927238941192629,"orthographic":false}