{"cameraMode":{"drawMode":0,"name":"Shaded","section":"Shading Mode"},"sceneLighting":true,"audioPlay":false,"sceneViewState":{"showFog":true,"showMaterialUpdate":false,"showSkybox":true,"showFlares":true,"showImageEffects":true,"showParticleSystems":true},"in2DMode":false,"pivot":{"x":-70.71347045898438,"y":31.065265655517579,"z":1.9088401794433594},"rotation":{"x":-0.03320333734154701,"y":-0.7543908357620239,"z":-0.038274135440588,"w":0.654486358165741},"size":160.66714477539063,"orthographic":false}